molid,b_cs,b_cl,b_cw,b_bs,b_bl,b_bw,RS,CS,AS
CID000000007,,,-0.006266201980347,0.911392405063,382,-0.054500620259465,-9.18715,0.89375,0.9191489361702132
CID000003134,informer,informer,informer,0.9367088607590001,397,-0.039869618802110984,-8.34041,0.978371501272265,0.9162907268170428
CID000005228,,,-0.008815239078099,0.883720930233,325,-0.06991106643425199,-18.8507,0.8727272727272729,0.897354497354497
CID000069689,,,-0.006300686204637999,0.8933333333329999,344,-0.06143181376747603,-11.2424,0.954054054054054,0.8913580246913579
CID000099545,,,-0.005515174379618,0.9,356,-0.05665476498981798,-18.5955,0.87,0.9518987341772148
CID000129723,,,-0.008264292914426001,0.860465116279,235,-0.07885284742384199,-13.9208,0.977748691099476,0.970769230769231
CID000156414,,,-0.008272048170608998,0.836363636364,153,-0.101159081183957,-35.389,0.907608695652174,0.924
CID000156422,,,-0.008170942982471001,0.8518518518520001,209,-0.09300100964810795,-36.0424,0.973270440251572,0.966272189349112
CID000221158,,,-0.004197312635788,0.9078947368420001,375,-0.05283734229189097,-8.10031,0.978589420654912,0.9714285714285708
CID000227502,,,-0.006175181783378002,0.928571428571,395,-0.04689687071539103,-21.4508,0.962719298245614,0.904273504273504
CID000253268,,,-0.0059566869858929975,0.8974358974359999,351,-0.05960119505131403,-11.9597,0.973846153846154,0.9111111111111108
CID000309461,,,-0.006640174379622001,0.886075949367,332,-0.06556796835817902,-20.5719,0.978643216080402,0.916666666666667
CID000447966,,,-0.006462244320486997,0.8780487804880001,304,-0.07082603865930598,-16.8792,0.9690909090909092,0.9622516556291392
CID000599038,,,-0.006562002375691997,0.855421686747,214,-0.08025535359192698,-15.35938,0.830769230769231,0.8222222222222221
CID000667570,,,-0.008218936259057,0.911392405063,383,-0.053278451087867995,-12.5866,0.9756446991404008,0.968508287292818
CID000838889,,,-0.006399376790674,0.9069767441859999,374,-0.05917174006329101,-37.0457,0.976256983240223,0.913960113960114
CID001489204,,,-0.006246152313292001,0.929292929293,396,-0.04381242959191398,-17.0264,0.969642857142857,0.962622950819672
CID001491157,,,-0.008339826839834,0.9157894736839999,390,-0.05133492130247605,-5.3258,0.9782608695652172,0.9712846347607048
CID002409198,,,-0.006421347031958997,0.8505747126440001,207,-0.08397018194766595,-31.9293,0.973186119873817,0.9661721068249258
CID002787267,,,-0.007143715544612998,0.820512820513,117,-0.094223971516233,-13.6194,0.892405063291139,0.9185714285714291
CID005311382,,,-0.007579120879114996,informer,informer,informer,informer,informer,informer
CID005329477,,,-0.007193325337016,0.824561403509,124,-0.10111035941339203,-24.1688,0.9525139664804472,0.948878923766816
CID005329481,,,-0.006861653116528999,0.8777777777779999,302,-0.07722741665732705,-20.692,0.9736842105263158,0.966763848396501
CID005329826,,,-0.005437996059683002,informer,informer,informer,-0.0,informer,informer
CID005329841,,,-0.006647816609499999,informer,informer,informer,-79.9032,informer,0.915485564304462
CID005330286,,,-0.006085528262782001,0.8252427184469999,126,-0.10022833949493204,-3.37069,0.8988095238095241,0.920833333333333
CID006263849,,,-0.005365693899044001,0.915662650602,389,-0.04983791844756799,-16.5106,0.960829493087558,0.9004830917874399
CID006450551,,,-0.0063726431338739994,0.878787878788,307,-0.07027558125462599,informer,0.9034090909090908,0.921917808219178
CID006538884,,,-0.006489010989006996,0.8987341772149999,353,-0.05630673328189403,-15.1565,0.8790697674418599,0.905349794238683
CID006539376,,,-0.005301883674810997,0.405797101449,0,-0.29443127859584595,-29.1185,0.961363636363636,0.955984555984556
CID006539394,,,-0.004594866139535997,0.513888888889,1,-0.259364863292623,informer,0.964435146443515,0.957620817843866
CID006539398,,,-0.006209615384601999,0.569620253165,3,-0.24118221218455999,-17.1136,0.933070866141732,0.935593220338983
CID006539416,,,-0.006621202327085999,0.5875,4,-0.21220072456731298,-10.9566,0.9554973821989532,0.951072961373391
CID006539426,,,-0.006543593073597999,0.6125,5,-0.20588839395556896,-19.4221,0.941379310344828,0.941538461538462
CID006539427,,,-0.006158081264868996,0.5375,2,-0.23419559069772702,-8.15025,0.961538461538462,0.901408450704225
CID006539428,,,-0.006608985199632997,0.623529411765,6,-0.206108835395207,informer,0.973520249221184,0.966568914956012
CID006539452,,,-0.006032776534519997,0.90243902439,363,-0.06072446903128299,-11.3973,0.8742857142857142,0.898461538461538
CID006539455,,,-0.005996422982334001,0.915662650602,388,-0.052366027501255984,-9.29654,0.922018348623853,0.9300613496932508
CID006539458,,,-0.0072267639077460005,0.8823529411759999,319,-0.06845805432624104,-15.3458,0.860869565217391,0.8358974358974358
CID006539461,,,-0.006468698403964002,0.876404494382,297,-0.07235716460038102,-19.2604,0.9689781021897808,0.962126245847176
CID006539463,,,-0.007391544117658,0.8928571428569999,343,-0.06173647478926603,-9.45982,0.9772727272727272,0.9152
CID006539465,,,-0.007744794780499002,0.879518072289,314,-0.06834806173465298,-10.5972,0.9392857142857142,0.94
CID006539467,,,-0.007278225035827,0.863636363636,249,-0.08057643208752599,-22.6018,0.934615384615385,0.936666666666667
CID006539470,,,-0.007278225035827,0.863636363636,251,-0.07964733933012298,-22.0931,0.9769647696476972,0.969920844327177
CID006539472,informer,informer,informer,0.883720930233,326,-0.06745229905030399,-16.2266,0.881632653061225,0.908148148148148
CID006539473,,,-0.008167997523177999,0.862068965517,242,-0.08153162219394401,-22.0051,0.8,0.846666666666667
CID006539475,,,-0.007153477896515002,0.9176470588240001,391,-0.05278908387737696,-5.41558,0.946540880503145,0.9446601941747572
CID006539477,,,-0.0064924192485160005,0.8681318681319999,261,-0.07786610127099002,-31.3511,0.9535519125683058,0.949557522123894
CID006539480,,,-0.0068862605953290005,0.896551724138,350,-0.060313573654551006,-12.3176,0.966666666666667,0.959717314487633
CID006539481,,,-0.007046655281420002,0.9069767441859999,373,-0.05455681450594303,-12.8989,0.974242424242424,0.9671469740634008
CID006539486,,,-0.007319534050173998,0.891304347826,340,-0.066669154774877,-14.4023,0.96780303030303,0.9609589041095892
CID006539492,,,-0.00800664689894,0.863636363636,250,-0.07769378544833298,-13.359,0.8852459016393441,0.912912912912913
CID006539496,,,-0.008088391680773997,0.875,292,-0.070548227261716,-11.5909,0.972491909385113,0.9655589123867072
CID006539498,,,-0.007232391304359003,0.872093023256,273,-0.07228216153529199,-19.0156,0.9388489208633092,0.93968253968254
CID006539501,,,-0.007410201846341001,0.8602150537630001,230,-0.08236533243448996,-27.7099,0.85,informer
CID006539504,,,-0.0061793088513339995,0.872093023256,274,-0.076879330215216,-12.3083,0.9728434504792328,0.9108910891089108
CID006539506,,,-0.0070244196379559976,0.862068965517,241,-0.07842007512730802,-7.45625,0.882,0.908424908424908
CID006539507,,,-0.0063574824774330005,0.865168539326,254,-0.08022442047422199,-14.5115,0.9570707070707072,0.952100840336134
CID006539509,,,-0.005820271682354002,0.8953488372089999,347,-0.06367220067222704,-9.75498,0.963675213675214,0.956981132075472
CID006539512,,,-0.005294140135863998,0.939759036145,398,-0.03973789340922,-9.52265,0.94551282051282,0.9441176470588242
CID006539513,,,-0.006198376611183002,0.922222222222,392,-0.04997442103806299,-13.6601,0.9695340501792108,0.909219858156028
CID006539516,,,-0.008167881116407,0.873563218391,282,-0.07110533821480497,-12.1356,0.966926070038911,0.96
CID006539519,,,-0.008890665403413999,0.865168539326,253,-0.07231125423274999,-9.01105,0.9552631578947371,0.9508620689655172
CID006539523,,,-0.006181969919792,0.855263157895,213,-0.08281370620083002,-8.1452,0.965863453815261,0.9591397849462372
CID006539524,,,-0.007533176330698997,0.8352941176469999,151,-0.09257959773400004,-7.91914,0.9752906976744192,0.968067226890756
CID006539525,,,-0.007438422566321002,0.869047619048,265,-0.07558961498016101,-9.84234,0.879545454545455,0.8431372549019609
CID006539528,,,-0.006958427165088999,0.871794871795,272,-0.07152771887963899,-28.6714,0.9773936170212768,0.9703125
CID006539529,,,-0.0073255596158539995,0.886075949367,331,-0.06513711641739803,-28.0353,0.9754335260115607,0.9682451253481892
CID006539550,,,-0.008742310528826997,0.833333333333,144,-0.097240906974454,-14.1548,0.961009174311927,0.955642023346304
CID006539565,,,-0.006373748473745999,0.873563218391,283,-0.072665107880594,-25.2109,0.9675572519083968,0.960689655172414
CID006539566,,,-0.007493972693966998,0.887640449438,334,-0.065453905621979,-27.1398,0.9561855670103092,0.951489361702128
CID006539569,,,-0.008551612903235,0.8681318681319999,262,-0.07698254832762802,-24.5434,0.974926253687316,0.967796610169491
CID006539571,,,-0.006969550506550001,0.837209302326,158,-0.09310447079368,-22.025,0.927350427350427,0.932941176470588
CID006539572,,,-0.006069978673276,0.846153846154,185,-0.09004963209158098,-11.5086,0.84,0.927848101265823
CID006539578,,,-0.007177201857205001,0.855555555556,216,-0.07954113248957598,-19.5741,0.967307692307692,0.960416666666667
CID006539579,,,-0.008043052837579001,0.8666666666670001,258,-0.07391093727631795,-19.8175,0.974626865671642,0.9674285714285707
CID006539582,,,-0.008950519689649,0.8383838383840001,163,-0.09208163352979595,informer,0.962222222222222,0.9035087719298248
CID006539587,,,-0.00821953405016,0.879120879121,312,-0.06726234401481798,-24.1185,0.9718543046357622,0.964923076923077
CID006539588,,,-0.007452142857136001,0.847826086957,197,-0.08390174943526799,-19.642,0.976902173913043,0.914754098360656
CID006539591,,,-0.007364137754936001,0.849462365591,204,-0.083025697226004,-20.4991,0.955729166666667,0.84
CID006539602,,,-0.008340973024527997,0.8571428571430001,223,-0.08329719335640297,-14.5903,0.9694244604316552,0.9625
CID006539605,,,-0.008893079893075,0.8602150537630001,232,-0.08430972063857595,-16.8085,0.969964664310954,0.9629870129870132
CID006539606,,,-0.009324983622658,0.8666666666670001,256,-0.07550994878222694,-17.483,0.91747572815534,0.926923076923077
CID006539609,,,-0.007832965521183998,0.8571428571430001,224,-0.07953588654473097,-20.9812,0.975714285714286,0.913623188405797
CID006539610,,,-0.007550483091797001,0.8666666666670001,257,-0.07641005875259797,-21.0135,0.97108843537415,0.964150943396226
CID006539613,,,-0.006331975362534005,0.8387096774189999,165,-0.088058118171908,-19.8919,0.93609022556391,0.937704918032787
CID006539615,,,-0.007633737400761,0.846846846847,191,-0.088605133163277,-11.0299,0.9740061162079507,0.96695652173913
CID006918454,,,-0.006010555946511,0.91,381,-0.05860412818154699,-1.94151,0.897590361445783,informer
CID009814925,,,-0.007458856579167999,0.886363636364,333,-0.06917143227614801,-16.0702,0.971476510067114,0.964596273291925
CID009826528,informer,informer,informer,0.909090909091,380,-0.06207900530118902,-2.91443,0.8950617283950619,0.9197183098591548
CID009836050,,,-0.008155978727052,0.862068965517,238,-0.07595276547948203,-21.1362,0.911458333333333,0.925
CID009836051,,,-0.008264292914426001,0.873563218391,284,-0.07260498309869598,-13.7652,0.97098976109215,0.96403785488959
CID009836405,informer,informer,informer,0.83950617284,167,-0.089494986772264,-17.9562,0.954545454545455,0.950218340611354
CID009861063,,,-0.0077540026591219995,0.8625,243,-0.07757311145708798,-15.4525,0.95933014354067,0.95421686746988
CID009865518,,,-0.008444755576646,0.7717391304350001,80,-0.14039431763894095,-9.70127,0.929752066115702,0.933720930232558
CID009879605,,,-0.007506216577534,0.8953488372089999,346,-0.061945144896928026,-16.8799,0.952777777777778,0.949107142857143
CID009880709,,,-0.007772448565929999,0.862068965517,240,-0.07721123944981703,-18.8831,0.953804347826087,0.949779735682819
CID009888013,,,-0.006181914893619002,0.7444444444439999,43,-0.14600050102522702,-27.1755,0.975783475783476,0.8512820512820509
CID009901062,,,-0.007984090070145002,0.837209302326,159,-0.09290879490663101,-15.5946,0.9481707317073172,0.9457142857142858
CID009903786,,,-0.009209166666655,0.9058823529410001,372,-0.05512273317202197,-42.9893,0.8640000000000001,0.8905660377358492
CID009914412,,,-0.007833980980473996,0.839622641509,169,-0.10140223369434,-38.2418,0.966535433070866,0.959574468085106
CID009923028,,,-0.008406611638446,0.875,291,-0.072733523449424,-26.8319,0.9701754385964908,0.909473684210526
CID009925372,,,-0.008156788793095998,0.819277108434,115,-0.09518649585759198,-19.5436,0.9657258064516128,0.958992805755396
CID009925594,,,-0.007423287451986001,0.8987341772149999,354,-0.05660369599550903,-21.7915,0.966269841269841,0.907575757575758
CID009926791,,,-0.007204349556779004,0.8823529411759999,318,-0.07122409345719002,-7.81295,0.896341463414634,0.92027972027972
CID009929101,,,-0.007003595807657002,0.7294117647059999,23,-0.14796149630083305,-10.9272,0.968164794007491,0.96135593220339
CID009935852,,,-0.005628260869562998,0.855769230769,217,-0.08226014922047699,-67.6008,0.9532967032967028,0.8380952380952379
CID009945516,,,-0.008415799460703,0.869047619048,264,-0.07542391013994801,-19.885,0.9384057971014492,0.93903743315508
CID009945696,,,-0.0077867074358099996,0.840909090909,174,-0.091698758578161,-19.9179,0.886764705882353,0.914444444444444
CID009958299,,,-0.006031134588356,0.8571428571430001,219,-0.07981476454404798,-66.1049,0.936567164179104,0.93804347826087
CID010028480,,,-0.007215384615402001,0.885714285714,329,-0.06958362823444697,-25.0237,0.8844827586206899,0.8
CID010086873,,,-0.0065197348425749995,0.833333333333,140,-0.09422606465495399,-9.59633,0.9198113207547168,0.92875
CID010135552,,,-0.006637851731603999,0.885416666667,328,-0.071128193661743,-16.5177,0.977513227513228,0.97038961038961
CID010151417,,,-0.006512594128823001,informer,informer,informer,-75.8094,informer,0.96984126984127
CID010158539,,,-0.010606107078703002,0.852631578947,210,-0.09323094398363098,-7.57873,0.9758522727272728,0.968595041322314
CID010161259,,,-0.006049486803508999,0.883495145631,324,-0.07220605430035303,-52.5913,0.923423423423423,0.9309090909090908
CID010173796,,,-0.006918762293085001,informer,informer,informer,-66.5349,informer,informer
CID010183216,,,-0.0067716846260590016,0.8823529411759999,321,-0.07090214057601002,-60.399,0.8863636363636359,0.9691891891891892
CID010186009,,,-0.0067179623567910005,0.698924731183,10,-0.163475715734889,-19.4293,0.974397590361446,0.9672413793103448
CID010186182,,,-0.005806788314280999,0.8217821782179999,119,-0.10087034957750604,-54.1968,0.882692307692308,0.8476190476190479
CID010239038,,,-0.00690175461512,informer,informer,informer,-43.1461,informer,0.9031111111111108
CID010267580,,,-0.006271950032444999,0.860465116279,234,-0.08094261214794998,-12.4378,0.971947194719472,0.965030674846626
CID010278843,,,-0.005488010856522002,0.8425925925929999,178,-0.09083692616785405,-60.1716,0.9686346863468628,0.961744966442953
CID010286382,,,-0.005815586773141998,0.6867469879520001,9,-0.166525308549914,-20.6523,0.9661354581673308,0.959430604982206
CID010287409,,,-0.008151522553336,0.8666666666670001,255,-0.07761991311238796,-17.1209,0.916666666666667,0.8685714285714291
CID010310395,,,-0.005523094857725999,informer,informer,informer,informer,informer,informer
CID010358578,,,-0.0061865853658519985,0.876404494382,296,-0.07209294051233002,-21.248,0.8653846153846151,0.892121212121212
CID010452739,,,-0.008290704753820002,0.882978723404,323,-0.06951098440655601,-14.3913,0.904494382022472,0.922448979591837
CID010595057,,,-0.009180572569316004,0.826086956522,128,-0.10704021026849198,-6.86463,0.971380471380471,0.9644859813084108
CID010621826,,,-0.009034693329521,0.833333333333,145,-0.097742687633612,-15.5997,0.975988700564972,0.9687671232876708
CID010639924,,,-0.0075195842653620025,0.873563218391,279,-0.07204691780724798,-23.995,0.926724137931034,0.932544378698225
CID010757558,,,-0.008466828515338,0.9080459770110001,379,-0.05170446643612196,,0.8876712328767121,0.8
CID011057468,,,-0.008706543851715,0.8850574712639999,327,-0.06534209751518204,-23.444,0.8785714285714291,0.905
CID011133737,,,-0.008199999999981996,0.835051546392,150,-0.09564736569928801,-15.6158,0.855,0.93936170212766
CID011197671,,,-0.006598057015444996,0.8488372093019999,199,-0.08752885815169904,-17.7524,0.976190476190476,0.969021739130435
CID011220119,,,-0.007976479196141998,0.8953488372089999,349,-0.060078080999295014,-9.58442,0.9782051282051278,0.971212121212121
CID011224168,,,-0.004609448160515995,0.8064516129029999,105,-0.10825228859999103,-30.789,0.944444444444444,0.943283582089552
CID011231979,,,-0.006554429855112998,0.837209302326,160,-0.095446981461209,-22.32,0.9704861111111108,0.963461538461538
CID011373846,,,-0.0059321099538479985,0.83,137,-0.089204856865675,-14.2395,0.97258064516129,0.96566265060241
CID011427162,,,-0.007528387533887999,0.9148936170209999,386,-0.047280009529552025,-29.7225,0.922727272727273,0.930487804878049
CID011495551,,,-0.008435330261149,0.833333333333,147,-0.09604378787232601,-29.3097,0.9767123287671228,0.8518518518518521
CID011514099,,,-0.007889148139997,0.9135802469140001,385,-0.05112446680449797,-21.8182,0.956410256410256,0.895555555555556
CID011524582,,,-0.008549572649576998,0.83,136,-0.09582852279256701,-14.2997,0.971283783783784,0.964375
CID011529890,,,-0.007833952254640997,0.873563218391,280,-0.07247373416937097,-13.0314,0.940972222222222,0.941237113402062
CID011558948,,,-0.008285450660433999,0.8488372093019999,200,-0.08780599452750404,-17.6669,0.976775956284153,0.96968085106383
CID011594774,,,-0.007254468325786001,0.855421686747,215,-0.08352526699837098,-14.3448,0.966,0.9592857142857142
CID011595752,,,-0.006969018543651999,0.79012345679,92,-0.10919511243874001,-12.8192,0.960648148148148,0.95546875
CID011626560,,,-0.006839886332478,0.877358490566,299,-0.072544807587613,-52.1998,0.9,0.8625
CID011633551,,,-0.009764294567228002,0.8484848484849999,198,-0.09191497861377804,-13.1305,0.887142857142857,0.8523809523809521
CID011682470,,,-0.007708533302946999,0.8695652173909999,267,-0.08231049450385904,-21.0629,0.964583333333333,0.957777777777778
CID011682680,,,-0.009988128772627999,0.847826086957,194,-0.087960760254056,-10.565,0.965020576131687,0.958241758241758
CID011712734,,,-0.006836145738016998,0.7659574468089999,72,-0.12972259418996904,-13.1929,0.973101265822785,0.9660714285714292
CID011715767,,,-0.009044530977878,0.876543209877,298,-0.06769040609073002,-19.4496,0.8,0.816666666666667
CID011716589,,,-0.008765865917029003,0.845238095238,184,-0.08758687341818001,-25.5838,0.978092783505155,0.971139240506329
CID011793277,,,-0.009290356744708997,0.849462365591,205,-0.09521700080986002,-10.1558,0.9745508982035932,0.967335243553009
CID011959683,,,-0.006119642857151,0.8691588785050001,266,-0.07636330126388298,-70.97562,0.9786967418546372,0.916788321167883
CID015407403,,,-0.008271143617015999,0.8383838383840001,162,-0.09799935625576796,-26.9796,0.867857142857143,0.9506493506493509
CID015521230,,,-0.008572971090217,0.824742268041,125,-0.10981575245987499,-6.31576,0.9760563380281692,0.9688524590163928
CID015838857,,,-0.006784655159507005,0.733333333333,26,-0.144362257046326,-14.515,0.976584022038568,0.96951871657754
CID015872399,,,-0.006181914893619002,0.84693877551,193,-0.08980390208206002,-17.6257,0.8,0.8
CID017754438,informer,informer,informer,0.814432989691,109,-0.10197499433625301,-2.47043,0.901162790697674,0.921379310344828
CID017755233,,,-0.006916542195677002,0.785046728972,86,-0.11719729553286798,-35.7155,0.968401486988848,0.961486486486486
CID017755746,,,-0.006493301158885999,0.87619047619,294,-0.07145820949832399,-45.5395,0.9642857142857142,0.957462686567164
CID017917696,,,-0.006688888888897,0.8404255319149999,173,-0.09363740544603605,-22.5844,0.961711711711712,0.9022831050228308
CID018536633,,,-0.007387757564062,0.817307692308,112,-0.10245579789397699,-11.2452,0.964730290456432,0.9579335793357928
CID018536646,,,-0.007314952978345,0.8190476190479999,114,-0.10160700123699301,-11.4731,0.964135021097046,0.9573033707865172
CID019879232,,,-0.008352519704847001,0.876404494382,295,-0.07400888336806802,-9.38652,0.8357142857142859,0.826666666666667
CID021027446,,,-0.008369987275115,0.844444444444,182,-0.08559043715141998,-19.4694,0.966403162055336,0.907865168539326
CID021078798,,,-0.0074970417732360016,0.894736842105,345,-0.06253062115307498,-7.09441,0.975218658892128,0.850666666666667
CID022049997,,,-0.0066938838475440006,0.904761904762,368,-0.058520198118438,-1.73462,0.902298850574713,informer
CID022112846,,,-0.0070677086797320005,0.822916666667,120,-0.10755094122678499,-22.623,0.932,0.9352272727272728
CID022185475,,,-0.008937687088089001,0.878787878788,309,-0.06621709532288099,-51.8342,0.96304347826087,0.90464135021097
CID022609863,,,-0.007316141084111002,0.822916666667,122,-0.10406709786912,-22.2722,0.888157894736842,0.971065989847716
CID023133388,,,-0.007223593274207004,0.738636363636,36,-0.14525383675315495,-11.9019,0.905555555555556,0.922972972972973
CID023648887,,,-0.006675042920378,0.879120879121,313,-0.07920819289474298,-34.4646,0.976839237057221,0.9697612732095492
CID023648890,,,-0.006847908115982999,informer,informer,informer,informer,informer,informer
CID023648920,,,-0.008167997523177999,0.8488372093019999,201,-0.09079960498885806,-19.7967,0.9771505376344092,0.97007874015748
CID024802788,,,-0.006947394739476,0.8365384615379999,154,-0.09258712973480202,-45.4114,0.978316326530612,informer
CID024802961,,,-0.006907350831904999,0.873786407767,287,-0.076353247330849,-32.5653,0.927966101694915,0.8752136752136751
CID024803300,,,-0.007360440182859,0.855769230769,218,-0.08438370523323599,-36.3168,0.970890410958904,0.9639240506329108
CID024803301,,,-0.007039436769601996,0.844036697248,180,-0.08946143236540999,informer,0.9620535714285708,0.956153846153846
CID024803786,,,-0.005931215842983002,0.8877551020409999,337,-0.07018085094858503,informer,0.977453580901857,informer
CID024803787,informer,informer,informer,0.872549019608,277,-0.076535512681932,-36.3276,0.9773333333333328,0.97023498694517
CID024803957,,,-0.007361282471286999,informer,informer,informer,-0.0,informer,0.8
CID024804298,,,-0.007281084186290003,0.8490566037739999,202,-0.08796018605543902,-38.5641,0.942567567567568,0.9421319796954308
CID024804299,,,-0.007281084186290003,0.8490566037739999,203,-0.08887454891315605,-42.2405,0.9763888888888892,0.9692722371967648
CID024804780,,,-0.007122344944762,0.844660194175,183,-0.08868428662398499,informer,0.968283582089552,informer
CID024804781,,,-0.006819576719573,informer,informer,informer,informer,informer,informer
CID024949702,,,-0.007033683223989999,0.8095238095239999,106,-0.11579332432265901,-53.5445,0.95952380952381,0.9544
CID025033539,,,-0.008706535396673001,0.878504672897,306,-0.07564151588098202,-2.3283,0.8,0.8602150537634409
CID025093464,,,-0.006343827650028998,0.897959183673,352,-0.063525112864365,-14.988,0.9688644688644692,0.962
CID025121268,,,-0.010990866873065998,0.868686868687,263,-0.08557552868242002,-19.3541,0.8,0.872072072072072
CID025190912,,,-0.006476124990979999,0.915094339623,387,-0.054370056851671,-15.6027,0.825,0.8577777777777779
CID025190914,,,-0.006402711650054002,0.905660377358,371,-0.059069259756943,-22.7323,0.8839285714285708,0.8492753623188409
CID025263079,,,-0.007754166666673,0.877551020408,300,-0.07395512009083999,-11.5714,0.866666666666667,0.892857142857143
CID025263084,,,-0.008314886727341,0.8877551020409999,336,-0.06772986466026704,-21.2791,0.88125,0.8456140350877192
CID025263085,,,-0.008108181818198,0.903846153846,367,-0.06225197578105801,-12.2993,0.8878378378378381,0.915897435897436
CID025263100,,,-0.007495552066983,0.9029126213590001,365,-0.059614265991157975,-16.8057,0.88695652173913,0.9146005509641872
CID025263102,,,-0.0060861360861300005,0.89,338,-0.06375716193013599,-28.3335,0.888,0.916030534351145
CID025263105,,,-0.007434033613434999,0.903846153846,366,-0.058347567545025,informer,0.870967741935484,0.841666666666667
CID025263108,informer,informer,informer,0.90099009901,360,-0.060824563748471984,-17.4343,0.857142857142857,0.882962962962963
CID042618144,informer,informer,informer,0.85393258427,211,-0.082948051770636,-22.1034,0.977211796246649,0.970157068062827
CID044269265,,,-0.008695918367342,0.822916666667,121,-0.11197089418753699,-15.0764,0.963203463203463,0.906024096385542
CID044279444,,,-0.006371464233842997,0.811111111111,107,-0.10552885784985801,-17.9439,0.9448051948051948,0.943564356435644
CID044305551,,,-0.005777312709410999,0.904761904762,370,-0.057065785965563984,-16.5245,0.883636363636364,0.911326860841424
CID044305594,,,-0.008052065443370001,0.880952380952,316,-0.07106232005862599,-11.8626,0.97536231884058,0.968156424581006
CID044305647,,,-0.006120745521601,0.9080459770110001,378,-0.05605255975859095,-9.53212,0.9747774480712172,0.967613636363636
CID044305812,,,-0.006285841917185999,0.901234567901,361,-0.060549908441181015,-14.0517,0.970070422535211,0.963106796116505
CID044305879,,,-0.006235371659197998,0.8705882352940001,270,-0.07486173905206095,-7.69337,0.974164133738602,0.967052023121387
CID044305910,,,-0.009171973343216,0.8928571428569999,342,-0.06427512633174504,-22.4466,0.9065934065934068,0.923489932885906
CID044306199,,,-0.006850138600146997,0.904761904762,369,-0.056933183368799,-17.6568,0.883018867924528,0.910204081632653
CID044328896,,,-0.006925059101659,0.8279569892470001,133,-0.10273483986353894,-11.746,0.9671814671814668,0.960278745644599
CID044328970,,,-0.007065853658535999,0.817204301075,111,-0.10261457100214802,-21.4799,0.875,0.954581673306773
CID044336137,,,-0.009399999999987998,0.84693877551,192,-0.09658035271923102,-9.63222,0.9734375,0.966470588235294
CID044336144,,,-0.008539560772776001,0.8210526315790001,118,-0.11325591455446195,-12.9498,0.977979274611399,0.9709183673469391
CID044397011,informer,informer,informer,0.835443037975,152,-0.09100380361539502,-16.5184,0.8857142857142858,0.913274336283186
CID044397192,,,-0.005012090150452999,0.912087912088,384,-0.054664924368944004,-24.295,0.975073313782991,0.912345679012346
CID044397230,,,-0.005602602010649,0.8414634146340001,176,-0.09014641818384597,-17.8725,0.887323943661972,0.9153439153439152
CID044397393,,,-0.005518049074212997,0.862068965517,239,-0.08093806402895201,-10.9578,0.9475308641975309,0.945454545454545
CID044397687,,,-0.0066348675328160005,0.80487804878,103,-0.10903000727167299,-6.65745,0.952247191011236,0.8897435897435899
CID044433573,,,-0.007204863219959999,0.873684210526,286,-0.07549269545645,-21.9098,0.9693140794223828,0.908960573476703
CID044479934,,,-0.006704126518639003,0.8723404255320001,276,-0.07265829867743798,-18.8507,0.88,0.906976744186047
CID044525485,,,-0.006929999999995998,0.75,57,-0.145372002885031,-14.4726,0.970383275261324,0.9633440514469448
CID044525486,,,-0.007697352928445001,0.7473684210529999,49,-0.147250843535422,-37.3042,0.937956204379562,0.88062015503876
CID044525920,,,-0.007414659911187,0.75,55,-0.150688673973722,-24.9305,0.951704545454545,0.94841628959276
CID044525921,,,-0.008471258496584998,0.736842105263,31,-0.15379854699761902,-15.1155,0.931451612903226,0.9348571428571428
CID044525922,,,-0.008771974659340001,0.720430107527,14,-0.161911602582534,-23.108,0.945859872611465,0.944390243902439
CID044525923,,,-0.007850360640899001,0.736842105263,32,-0.15696542931380902,-18.5812,0.958333333333333,0.95327868852459
CID044525924,,,-0.007636380159745,0.741935483871,39,-0.155572484552778,-11.1909,0.925438596491228,0.931736526946108
CID044525925,,,-0.008190234847726,0.734693877551,29,-0.157206439384774,-24.7291,0.8804347826086959,0.90727969348659
CID044525926,,,-0.0067030848014970005,0.744680851064,44,-0.15515579066813204,-11.3767,0.915,0.83030303030303
CID044525927,,,-0.008103497176516,0.720430107527,17,-0.16088013019627,-22.5885,0.966796875,0.959859154929577
CID044525928,,,-0.007641695488293998,0.714285714286,13,-0.166511718053459,-13.8814,0.972039473684211,0.965137614678899
CID044525929,,,-0.007901385431427,0.720430107527,16,-0.16221171027564102,-18.2937,0.963829787234043,0.957142857142857
CID044525930,informer,informer,informer,0.720430107527,15,-0.164032426995338,-20.0054,0.951149425287356,0.947945205479452
CID044525931,,,-0.007800556586258997,0.736263736264,30,-0.158954601398064,-14.2149,0.9575,0.9525
CID044525932,,,-0.009015163960327997,0.734693877551,28,-0.156904084385781,-16.1155,0.956632653061224,0.9516949152542372
CID044525933,,,-0.008108955638996999,0.7340425531910001,27,-0.15623074103056495,-19.4683,0.965447154471545,0.958695652173913
CID044525934,,,-0.008718895103420997,0.729166666667,22,-0.15804627660330098,-13.831,0.95873786407767,0.953658536585366
CID044525935,,,-0.006914904738643002,0.75,54,-0.150048034598393,-19.6219,0.949704142011834,0.9467289719626172
CID044525936,,,-0.006138897981441997,0.755319148936,60,-0.14909843736653697,-25.8782,0.868965517241379,0.8935672514619879
CID044525937,,,-0.0076636929568809995,0.742268041237,40,-0.15301203267866703,-15.4154,0.970689655172414,0.963694267515924
CID044525938,,,-0.0078092249855469965,0.736842105263,34,-0.154825377853201,-18.6141,0.974320241691843,0.911746031746032
CID044525939,,,-0.008028933832123,0.736842105263,33,-0.154861928259316,-18.9125,0.9685185185185192,0.961616161616162
CID044525940,,,-0.006717441394518998,0.757894736842,66,-0.14863253618027697,-19.1982,0.921296296296296,0.92962962962963
CID044525941,,,-0.0058210876913829986,0.760416666667,68,-0.14835521038130398,-22.8334,0.951977401129944,0.9486486486486492
CID044525942,,,-0.007307367032313,0.726315789474,21,-0.159789012431757,-20.5031,0.946875,0.944927536231884
CID044525943,,,-0.00698292169864,0.736842105263,35,-0.15524424820278201,-14.6912,0.975920679886686,0.968681318681319
CID044525944,,,-0.008143253757740002,0.725274725275,20,-0.162434999013858,-19.963,0.972929936305732,0.965868263473054
CID044525945,,,-0.007317331101638999,0.739583333333,37,-0.15556790230793102,-23.76,0.9600938967136152,0.954940711462451
CID044525946,,,-0.007947074207265002,0.739583333333,38,-0.15325252063844103,-22.4451,0.972131147540984,0.909965635738832
CID044525947,,,-0.007241829770843998,0.767676767677,77,-0.136853749775719,-36.0763,0.9748520710059172,0.967705382436261
CID044525948,,,-0.007633425925933,0.762376237624,69,-0.13844113884382803,-37.3358,0.957920792079208,0.9528925619834708
CID044525949,,,-0.007778442941824996,0.7575757575759999,63,-0.13997200415853203,-41.6479,0.9514285714285708,0.948181818181818
CID044525950,,,-0.007990519525042998,0.7575757575759999,64,-0.14000803710293902,-38.3457,0.884745762711864,0.912538226299694
CID044525951,,,-0.007254974389278997,0.767676767677,75,-0.13791990391812603,-26.1698,0.943333333333333,0.942713567839196
CID044525952,,,-0.007292664454420001,0.747474747475,50,-0.14478990638501602,-38.7738,0.9550264550264548,0.8942528735632179
CID044525953,,,-0.007227196969694,0.75,53,-0.144958652665441,-37.3761,0.937037037037037,0.938378378378378
CID044525954,,,-0.006970945712904996,0.7575757575759999,62,-0.14029700888229002,-38.0239,0.95,0.9469767441860458
CID044525955,,,-0.007937087912088,0.752577319588,58,-0.14465680222925797,-44.1765,0.96046511627907,0.9
CID044525956,,,-0.008262257004002002,0.762376237624,70,-0.13917772589822802,-43.4325,0.871875,0.8967741935483872
CID044525957,,,-0.007227196969694,0.75,52,-0.146375914900061,-42.0721,0.930327868852459,0.934104046242775
CID044525958,,,-0.007911130409625001,0.76,67,-0.138610181776218,-42.2169,0.9308943089430892,0.93448275862069
CID044525959,,,-0.007336808373089001,0.744680851064,45,-0.15468899397981703,-15.2922,0.96875,0.9618729096989972
CID044525960,,,-0.007740950079821,0.7303370786519999,24,-0.16326889627803104,-16.7414,0.97027972027972,0.9632258064516128
CID044525961,,,-0.006674603174622,0.752688172043,59,-0.15265401335186102,-16.7078,0.958536585365854,0.953469387755102
CID044525962,,,-0.006778638020193,0.75,56,-0.148818066913019,-49.3744,0.9543010752688168,0.95
CID044525963,,,-0.008382809720331999,0.765306122449,71,-0.138788542910952,-11.2994,0.9547872340425532,0.950434782608696
CID044525964,,,-0.009068343781279,0.77,78,-0.13509841595887298,-12.4003,0.9487951807228922,0.94622641509434
CID044525965,,,-0.006939388083741999,0.782608695652,82,-0.127616035959488,-12.7306,0.9451612903225808,0.94384236453202
CID044525966,,,-0.006530242180844002,0.78021978022,81,-0.12934621534297797,-12.691,0.9623893805309732,0.95632183908046
CID044525967,,,-0.007360550599208999,0.782608695652,83,-0.12988511356975202,-20.5017,0.948484848484848,0.945971563981043
CID044525968,,,-0.006290754769924,0.8,98,-0.12364474401572798,-15.1542,0.8,0.9056910569105692
CID044525969,,,-0.007049633699638,0.784946236559,85,-0.128249639849587,-14.3947,0.977922077922078,0.9708439897698208
CID044525970,,,-0.007338933248153997,0.7894736842110001,91,-0.12487441890457297,-13.7949,0.970588235294118,0.9635782747603828
CID044525971,,,-0.006141902423817,0.787234042553,89,-0.127271726382433,-12.6105,0.973926380368098,0.9668604651162792
CID044525972,,,-0.005607148191617997,0.795698924731,95,-0.123013469792258,-12.0216,0.8775,0.901851851851852
CID044525973,,,-0.005804590495454999,0.795698924731,96,-0.12810400665446398,-21.3304,0.972312703583062,0.965349544072948
CID044525974,,,-0.007158175962527,0.833333333333,142,-0.09728146496864898,-26.3058,0.939716312056738,0.8818181818181821
CID044526068,,,-0.008311464654745,0.8777777777779999,301,-0.07135886067727903,-36.5174,0.957286432160804,0.952301255230126
CID044526069,,,-0.008446056307751002,0.873684210526,285,-0.074469975304557,-30.8448,0.9674329501915708,0.9605536332179928
CID044526070,,,-0.008398068901046,0.873563218391,278,-0.07444042908121898,-25.1183,0.908602150537634,0.864646464646465
CID044526071,,,-0.008778420208371,0.8723404255320001,275,-0.07454850532369697,-27.1821,0.924778761061947,0.931325301204819
CID044526072,,,-0.007650212652847999,0.8043478260870001,102,-0.10130513384326797,-24.6871,0.97360248447205,0.966666666666667
CID044526073,,,-0.008068486882854999,0.865168539326,252,-0.07702900436370098,-25.1229,0.912371134020619,0.9254901960784307
CID044526074,informer,informer,informer,0.8777777777779999,303,-0.07202068563253602,-26.763,0.974702380952381,0.967521367521368
CID044526075,,,-0.007665967900436003,0.8709677419349999,271,-0.07507171070108803,-31.0725,0.9648760330578507,0.958088235294118
CID044526076,,,-0.008114838258672999,0.863157894737,247,-0.08217313225533601,-27.9893,0.878048780487805,0.903896103896104
CID044526077,,,-0.007533505336819997,0.8695652173909999,268,-0.07835994179271905,-24.126,0.976648351648352,0.9696
CID044526078,,,-0.008297966027216,0.863157894737,248,-0.082791608442567,-31.3328,0.885,0.9127272727272728
CID044526099,,,-0.006696365620273001,0.7125,12,-0.15945941128853297,-44.023,0.935114503816794,0.8793650793650791
CID044526685,,,-0.01107590187591,0.858695652174,227,-0.096258322404398,-12.6341,0.9751461988304092,0.967977528089888
CID044526922,,,-0.008569710664389,0.88,315,-0.074799991158883,-22.3018,0.8,0.914905149051491
CID044527001,,,-0.005211628781328997,0.771428571429,79,-0.128318786792048,-18.01,0.972402597402597,0.965454545454545
CID044527361,,,-0.006424979321753,0.860465116279,233,-0.08078397160411799,-16.8797,0.9285714285714292,0.933333333333333
CID044527603,,,-0.007172506429776003,0.681318681319,8,-0.17628287194557102,-57.2526,0.96530612244898,0.958545454545455
CID044527657,,,-0.006176073320592001,0.858695652174,226,-0.08334973074506499,-14.386,0.9341085271317828,0.936312849162011
CID044528946,,,-0.006566048534785998,0.701030927835,11,-0.163070423853318,-40.2036,0.971760797342193,0.9648148148148148
CID044528968,,,-0.006759289759585998,0.6451612903230001,7,-0.18817175603160996,-50.3349,0.959715639810427,0.898989898989899
CID044529101,,,-0.006829424391454002,0.745098039216,47,-0.146739560506924,-48.108,0.971186440677966,0.964263322884013
CID044529112,,,-0.006942644709383998,0.722222222222,18,-0.15651745273583395,-34.016,0.972668810289389,0.965765765765766
CID044529114,,,-0.0069527018354660014,informer,informer,informer,-0.0,informer,0.914124293785311
CID044529220,,,-0.007083518170304998,0.757009345794,61,-0.14000919625471597,informer,0.910526315789474,informer
CID044529229,,,-0.006568818860448999,0.875,290,-0.07710537403937598,-19.4746,0.882352941176471,0.908695652173913
CID044529262,,,-0.007680241468662998,0.7425742574259999,41,-0.14484303214610303,-48.1452,0.9437086092715228,0.943
CID044529278,,,-0.007425562766352001,0.732673267327,25,-0.151719874959103,-51.4797,0.942176870748299,0.941836734693878
CID044529279,,,-0.007442153018867999,0.724489795918,19,-0.15551167360909599,-33.4467,0.891025641025641,0.9179856115107908
CID044529385,,,-0.0071010381204650004,0.9029126213590001,364,-0.05895121465210797,-14.3334,0.9698581560283692,0.9628664495114008
CID044529831,,,-0.005713880445804,0.787234042553,88,-0.130351974031724,-35.0937,0.970790378006873,0.963809523809524
CID044532102,,,-0.005962527855307002,0.825581395349,127,-0.103919435924001,-25.1193,0.963519313304721,0.956818181818182
CID044532297,,,-0.005817457789104001,0.8023255813950001,100,-0.11137327878428696,-13.4789,0.971571906354515,0.9647058823529407
CID044532432,,,-0.005786732929998,0.8571428571430001,222,-0.08286073880219597,-26.5888,0.9611872146118722,0.9558139534883722
CID044532433,,,-0.005440449970671001,0.833333333333,146,-0.096886986083293,-34.0249,0.9765193370165748,0.9694369973190352
CID044532438,,,-0.008028196820885,0.85,206,-0.09288515021106501,-46.3212,0.818181818181818,0.80952380952381
CID044532445,,,-0.007698289022377999,0.84,172,-0.09453251698274802,-57.069,0.969202898550725,0.962376237623762
CID044532446,,,-0.008503886555453,0.8383838383840001,161,-0.10099901764893694,-56.6449,0.9502923976608192,0.947222222222222
CID044532450,,,-0.007871460674174003,0.8367346938779999,156,-0.09579859888106304,-27.839,0.963983050847458,0.9066666666666672
CID044532477,,,-0.007173556396430001,0.834951456311,148,-0.09953185021942001,-42.8724,0.9472049689440992,0.945192307692308
CID044532478,,,-0.007362487229492003,0.833333333333,141,-0.106228508956439,-39.3639,0.9375,0.938709677419355
CID044532480,,,-0.005996251378669,0.851485148515,208,-0.09262291199371399,-44.2416,0.976123595505618,0.968937329700272
CID044532526,,,-0.004296557956148,0.7951807228919999,94,-0.11060075497539404,-22.1642,0.9508670520231208,0.8888888888888891
CID044532531,,,-0.007923068280143003,0.7659574468089999,73,-0.13354828966530405,-42.2922,0.9776902887139108,0.9706940874035992
CID044532639,informer,informer,informer,0.8782608695649999,305,-0.07369956126107903,-43.2533,0.968045112781955,0.961224489795918
CID044532683,,,-0.008159865693618998,0.767676767677,76,-0.145888031163612,-42.4527,0.95771144278607,0.952697095435685
CID044532690,,,-0.007153726373062001,0.827272727273,132,-0.10951938973237496,-49.4947,0.942953020134228,0.942424242424242
CID044532712,,,-0.008264847512034997,0.744680851064,46,-0.15365118802647704,-58.9503,0.977027027027027,0.97
CID044532720,,,-0.005351202321721997,0.8705882352940001,269,-0.07772243686940697,-31.4984,0.9356060606060608,0.937362637362637
CID044532737,,,-0.005365006922494999,0.80412371134,101,-0.102180387714292,-13.6102,0.9478527607361958,0.8870748299319731
CID044532978,,,-0.006683895921233002,0.79012345679,93,-0.11644865695418102,-31.8352,0.9737654320987652,0.8484848484848492
CID044532997,,,-0.009100586419762,0.8823529411759999,320,-0.07043665314037703,-7.34041,0.8,0.9119496855345908
CID044535870,,,-0.008144088071723999,0.9,359,-0.06510056254168299,-30.9278,0.975,0.967887323943662
CID044536075,,,-0.009340621352257,0.9,357,-0.06121269927388098,-28.3005,0.967054263565891,0.96013986013986
CID044571415,,,-0.008490378811252,0.8679245283020001,259,-0.08077716042201497,-18.517,0.949101796407186,0.946478873239437
CID044578252,,,-0.006784322678848001,0.879120879121,311,-0.067872852307572,-19.6835,0.967924528301887,0.961092150170648
CID044578566,,,-0.006867947445230001,0.8901098901100001,339,-0.06224804977484896,-5.76575,0.909574468085106,0.924503311258278
CID044578630,,,-0.008633386569725001,0.757894736842,65,-0.13382175519529196,-10.3896,0.920560747663551,0.929192546583851
CID044578709,,,-0.008505797101454,0.8181818181820001,113,-0.10846184996464496,-27.7038,0.932539682539683,0.878048780487805
CID044591552,,,-0.006831085060255,0.8414634146340001,175,-0.09596434846432296,-41.7094,0.886153846153846,0.913793103448276
CID044591845,,,-0.007139173933124,0.826923076923,131,-0.09465030986509498,-30.1632,0.8625,0.9477064220183492
CID044592364,,,-0.006808169069353999,0.839622641509,170,-0.09088226986959899,-34.7954,0.9676806083650192,0.9608247422680408
CID044592502,,,-0.00710064146594,informer,informer,informer,informer,informer,0.913450292397661
CID045269578,,,-0.0063889478025219975,0.811764705882,108,-0.10458529561705499,-2.9767,0.914141414141414,0.925974025974026
CID045270417,,,-0.0062626573426590015,0.83950617284,168,-0.090921856243345,-14.1196,0.959905660377358,0.954761904761905
CID045271243,,,-0.005864520202023002,0.786516853933,87,-0.11586812030850702,-7.309,0.8875,0.9705426356589152
CID045271244,,,-0.0059607480641910016,0.8369565217389999,157,-0.09281564620506903,-7.96203,0.977572559366755,0.970466321243523
CID045271247,,,-0.005343983602617999,0.847826086957,195,-0.083986972346933,-6.0743,0.9655870445344128,0.95884476534296
CID045272980,,,-0.007587006073647998,0.844444444444,181,-0.08576995214442898,-13.4046,0.852631578947368,0.937016574585635
CID045272982,,,-0.006055799941946001,0.83908045977,166,-0.091154912783607,-28.4938,0.8763157894736842,0.8995024875621891
CID045480848,,,-0.007305913978514001,0.828282828283,134,-0.09779973389338797,,0.9763231197771592,0.9691056910569108
CID045481463,,,-0.007192332641402999,0.826530612245,129,-0.10044058294696798,,0.960280373831776,0.9552941176470592
CID046214650,,,-0.008891448098340998,0.875,293,-0.075743339632488,-8.24239,0.97275641025641,0.9106666666666672
CID046215644,,,-0.006545924736922996,0.875,289,-0.07315925407726401,-20.7943,0.9633620689655172,0.906349206349206
CID046215814,,,-0.007339848044753997,0.8625,244,-0.07931553432837199,-21.143,0.8854838709677421,0.913095238095238
CID046215816,,,-0.008200075287031004,0.828571428571,135,-0.09828823064270302,-13.6726,0.924107142857143,0.833333333333333
CID046886665,,,-0.005334822560393,0.885714285714,330,-0.06567839151117698,-12.9024,0.977088948787062,0.91505376344086
CID046927597,,,-0.008350974582891,informer,informer,informer,-66.0596,informer,0.8949152542372879
CID046927672,,,-0.008713095238096998,0.743119266055,42,-0.201886681459734,-65.0927,0.94620253164557,informer
CID049798353,,,-0.006721153846145002,0.922222222222,393,-0.04850103348493699,-8.86335,0.973015873015873,0.9659701492537308
CID049862644,,,-0.008622331643030999,0.9,358,-0.06353809094394898,-41.9567,0.8,0.8
CID049862783,,,-0.008241614635106,0.8738738738740001,288,-0.07787294797372298,-65.3726,0.8859375,0.8
CID051354036,,,-0.007760077813936002,0.833333333333,139,-0.09596060380107801,-14.686,0.913265306122449,0.866666666666667
CID051354327,,,-0.008670256606498998,0.8571428571430001,220,-0.08345981904628696,-23.2788,0.859090909090909,0.885106382978723
CID051354328,,,-0.008771339712921999,0.833333333333,143,-0.09523826836980501,-11.3034,0.956852791878173,0.896174863387978
CID051354901,informer,informer,informer,0.8571428571430001,221,-0.08369811872443096,-12.6524,0.955958549222798,0.9512820512820508
CID051355190,,,-0.00824007808582,0.8317757009350001,138,-0.09401244953310997,-14.6082,0.84375,0.87037037037037
CID051356289,,,-0.007106304293890002,0.8,99,-0.11445967861865997,-36.1541,0.9744744744744742,0.91214953271028
CID051356852,,,-0.006894474153289001,0.9080459770110001,376,-0.05776693958151696,-15.8007,0.929166666666667,0.876666666666667
CID051356853,,,-0.006642725901541001,0.8953488372089999,348,-0.06136680365033804,-18.8515,0.8842105263157891,0.85
CID051356854,,,-0.006388010540191998,0.898876404494,355,-0.061925074254008006,-15.0438,0.971666666666667,0.909722222222222
CID051356855,,,-0.006642725901541001,0.9080459770110001,377,-0.05562084240200395,-10.1398,0.941780821917808,0.8840579710144929
CID051356856,,,-0.009008846166273997,0.873563218391,281,-0.07653884503508197,-9.25849,0.949404761904762,0.888
CID051357138,,,-0.007874717975383002,0.8602150537630001,231,-0.08163579033885694,-9.3613,0.9440789473684208,0.8861111111111108
CID051357696,,,-0.008234489200386998,0.8571428571430001,225,-0.08369811872443096,-11.1532,0.978426395939086,0.916417910447761
CID051357954,,,-0.008467290676541,0.8679245283020001,260,-0.07826780398704197,-28.8795,0.9778067885117492,0.915625
CID053245731,informer,informer,informer,0.923913043478,394,-0.04850628021773802,-18.956,0.9589371980676328,0.953846153846154
CID053317178,,,-0.008612378411195002,0.90243902439,362,-0.057479499841206996,-12.9992,0.9401408450704232,0.940625
CID053322416,,,-0.007833645011115,0.8915662650599999,341,-0.06331756915756503,-11.6876,0.9182692307692312,0.927388535031847
CID053466728,,,-0.015628843402193997,0.8367346938779999,155,-0.09095312982030504,-25.695,0.953038674033149,0.949333333333333
CID053466951,,,-0.015003802764774001,0.826923076923,130,-0.09541306112334098,-55.0914,0.8896103896103901,0.855172413793103
CID053467178,informer,informer,informer,0.834951456311,149,-0.092863093835533,-54.3129,0.969750889679715,0.962745098039216
CID053467392,,,-0.019121990369186,informer,informer,informer,informer,informer,informer
CID053467617,,,-0.014652698198703002,0.843137254902,179,-0.08974837094667298,-25.2746,0.978036175710594,0.970992366412214
CID053469448,,,-0.020002471114670996,0.8058252427179999,104,-0.10295287198918403,-25.1425,0.8735294117647059,0.897916666666667
CID053469449,,,-0.020771566896699997,0.846153846154,186,-0.08619068037780298,-53.051,0.93359375,0.935955056179775
CID053469453,,,-0.018439064558607,0.841584158416,177,-0.08722002327629602,-47.0603,0.880851063829787,0.844444444444444
CID053469634,,,-0.014213312475888997,0.859813084112,229,-0.07933480392394501,-62.7913,0.978149100257069,0.916161616161616
CID053469824,,,-0.014545458701389,0.8235294117649999,123,-0.09722893348078401,-48.5115,0.974085365853659,0.911538461538462
CID056670156,,,-0.007214317006909,informer,informer,informer,informer,informer,0.940314136125654
CID056673516,,,-0.008226335817344003,informer,informer,informer,-8.3,informer,informer
CID056673950,,,-0.01416277529393,0.8877551020409999,335,-0.07773708577196102,-16.4876,0.958128078817734,0.953086419753086
CID056680318,,,-0.00785019491656,0.745454545455,48,-0.162340925907462,-25.3691,0.962882096069869,0.956653992395437
CID056683489,,,-0.007983523044544,0.747747747748,51,-0.17020766038078,-53.7275,0.977631578947368,0.9706185567010308
CID057345685,,,-0.017485868688798003,0.878787878788,310,-0.08430068333194499,-22.4859,0.9755043227665708,0.9683333333333328
CID057391365,,,-0.016505319504844997,0.782608695652,84,-0.124307209779044,-7.38216,0.978535353535354,0.916543209876543
CID057394915,,,-0.008141498062841,0.84,171,-0.090948735035245,-25.1742,0.847058823529412,0.8736842105263158
CID057396625,,,-0.01818056137412,0.858695652174,228,-0.09191615683428199,-9.98026,0.9764542936288092,0.969354838709677
CID057396626,,,-0.015776569372259998,0.8152173913040001,110,-0.10957923634472697,-9.81469,0.9260869565217392,0.932142857142857
CID057396627,,,-0.016294154144350998,0.86170212766,237,-0.090951584539298,-9.05943,0.883333333333333,0.91043771043771
CID057398391,,,-0.017130180531338,0.846153846154,190,-0.097822741892996,-9.8412,0.973354231974922,0.966371681415929
CID057398392,,,-0.016768459610568,0.846153846154,188,-0.09901536994839098,-18.9426,0.962555066079295,0.9564885496183207
CID057400063,,,-0.010630240630230001,0.766666666667,74,-0.13223163041640298,-13.8555,0.978481012658228,0.971356783919598
CID057401865,informer,informer,informer,0.86170212766,236,-0.09063773633581301,-16.1093,0.9591346153846152,0.954032258064516
CID057401867,,,-0.017790484504594,0.847826086957,196,-0.09883354577217199,-14.3335,0.972222222222222,0.965243902439024
CID057403576,,,-0.017367791564526003,0.846153846154,189,-0.099720115226136,-9.18452,0.965163934426229,0.958394160583942
CID057403579,,,-0.012199191151995002,0.7894736842110001,90,-0.12049648974566399,-11.0849,0.9618834080717492,0.902702702702703
CID060150509,,,-0.010369997926589,0.7979797979800001,97,-0.11110295232539596,-10.1332,0.919047619047619,0.928301886792453
CID066561010,,,-0.015230179389314,0.854368932039,212,-0.085484434067651,-22.7592,0.915841584158416,0.926451612903226
CID066561013,,,-0.019229990939277998,0.8383838383840001,164,-0.08865724592976995,-44.1462,0.977864583333333,0.9157622739018092
CID066561090,,,-0.018629563492063003,0.846153846154,187,-0.08898694766256698,-45.6772,0.9405594405594409,0.940932642487047
CID070683337,,,-0.015145878019874,0.8823529411759999,317,-0.08114235147498602,-7.7812,0.81,0.917391304347826
CID070683338,,,-0.013296328671326,0.862745098039,246,-0.08465253195003099,-20.736,0.8769230769230769,0.9009523809523812
CID070685440,,,-0.016038438902156,0.878787878788,308,-0.08563221596651299,-13.5698,0.8756756756756758,0.955118110236221
CID070685442,,,-0.011965182186229998,0.82,116,-0.10876146655433801,-14.4302,0.975574712643678,0.9684210526315792
CID070691776,,,-0.015569601945662,0.8823529411759999,322,-0.08376241706897702,-20.1557,0.886567164179104,0.914285714285714
CID071451677,,,-0.009425979262672999,0.862745098039,245,-0.080148216222013,-47.9732,0.9505813953488372,0.947465437788018
